{
  // These tasks will run in order when initializing your CodeSandbox project.
  "setupTasks": [
    {
      "name": "Install Dependencies",
      "command": "npm install"
    }
  ],

  // These tasks can be run from CodeSandbox. Running one will open a log in the app.
  "tasks": {
    "start": {
      "name": "start",
      "command": "npm run start",
      "runAtStart": true,
      "preview": {
        "port": 4200
      }
    },
    "build": {
      "name": "build",
      "command": "ng build",
      "runAtStart": false
    },
    "test": {
      "name": "test",
      "command": "ng test",
      "runAtStart": false
    },
    "help": {
      "name": "help",
      "command": "ng help",
      "runAtStart": false
    },
    "install": {
      "name": "install dependencies",
      "command": "npm install"
    }
  }
}
